{
    "loss": 0.5796661376953125,
    "accuracy": 0.8620689511299133
}